<?xml version="1.0" encoding="UTF-8"?>
<access component="com_templates">
	<section name="component">
		<action name="core.admin" title="JACTION_ADMIN" />
		<action name="core.options" title="JACTION_OPTIONS" />
		<action name="core.manage" title="JACTION_MANAGE" />
		<action name="core.create" title="JACTION_CREATE" />
		<action name="core.delete" title="JACTION_DELETE" />
		<action name="core.edit" title="JACTION_EDIT" />
		<action name="core.edit.state" title="JACTION_EDITSTATE" />
	</section>
</access>
